????????????,,,,,,
,,,,,?????,AAAAA
,,,,,??????,AAAAA
,,???????????????????????,,,,
,,?????,,,,
,,???????,,,,
,,???????,,,,
,,??????????,,,,
,,,,,,
,,???????,,,,
,,,,,,
,,,,,,
,,,,,,
,,,,,,
,,,,,,
,,???????????????,,?????????????????????????????????????????????????????????????????????????????,,
,,,,,,
,???????,???????????????????????????,,,,
,,??????,,,,
,,??????????,,,,
,,??????????,,,,
,,???????????????,,,,
,,,,,,
,???????,????????????????????????????,"?????????
???????????????
?????????????????????
???????????????????
?
",,,
,,,,,,
,,??????????????????,,,,
,,???????????,Excel???????????????????,,,
,,,????????????????,,,
,,,"????????????????
??????????????
?????????????
????????????????????????",,,
,,,????????Excel?????????,,,
,,??????AI?????,,,,
,???????,??????????,,,,
